6732,2016-05-26
6102,2010
6612,2014-07-21
6746,2016-09-23
6733,2016-06-01
6747,2016-09-27
6734,2016-06-14
6750,2016-09-29
6697,2015-11-23
6743,2016-05-30
5877,2007
5208,1986
6753,2016-10-19
6727,2016-05-09
6728,2016-05-11
6693,2015-10-07
6701,2015-12-07
6695,2015-11-17
6696,2015-11-17
6698,2015-11-23
2534,1968
6700,2015-12-07
6709,2016-02-04
6703,2015-12-16
6716,2016-03-21
6706,2015-12-28
3349,1964
6437,2012-09-14
6708,2016-02-04
4999,1992
6710,2016-02-18
6711,2016-02-18
6712,2016-02-20
6713,2016-02-20
6719,2016-04-07
6722,2016-04-13
2467,1972
2801,2004
3422,1962
3423,1962
3428,1962
3429,1962
3490,1961
4084,1960
4527,1958
5220,1987
5306,1979
5691,2005
5692,2005
5677,2005
5678,2005
5680,2005
5683,2005
5685,2005
5662,2005
5684,2005
5693,2005
5686,2005
5689,2005
5694,2005
5688,2005
5695,2005
5669,2005
5696,2005
5698,2005
5699,2005
5679,2005
5711,2006
5702,1932
5703,2006
5705,2006
5706,2006
5707,2006
5709,2006
5710,2006
5718,1932
5712,1965
5715,1964
5716,1960
5717,1954
5713,1960
5714,1934
2001,1975
2002,1975
2003,1975
2004,1975
2005,1975
2006,1975
2007,1975
2008,1975
2009,2000
2010,2000
2011,2000
2012,2000
2013,1977
2014,1977
2015,1977
2016,1977
2017,1977
2018,1977
2019,1977
2020,1977
2021,1977
2022,1977
2023,1977
2024,1977
2025,1977
2026,1977
2027,1977
2028,1977
2029,1977
2030,1977
2031,1932
2032,1932
2033,1932
2034,1935
2036,1933
2037,1933
2038,1933
2039,1933
2040,1933
2041,1933
2042,1933
2043,1933
2044,1933
2045,1933
2046,1933
2047,1933
2048,1933
2049,1933
2050,1933
2051,1933
2052,1933
2053,1933
2054,1933
2055,1933
2056,1933
2057,1933
2058,1933
2059,1933
2060,1933
2061,1933
2062,1933
2063,1933
2064,1933
2065,1933
2066,1933
2067,1933
2068,1933
2069,1933
2070,1933
2071,1933
2072,1933
2073,1933
2074,1933
2075,1933
2076,1933
2077,1933
2078,1933
2079,1933
2080,1933
2081,1934
2082,1934
2083,1934
2084,1934
2085,1934
2086,1934
2087,2000
2088,2000
2089,2000
2090,1934
2091,1934
2092,1934
2093,1934
2094,1934
2095,1934
2096,1934
2097,1934
2098,1934
2099,1934
2100,1934
2101,1934
2102,1934
2103,1934
2104,1934
2105,1934
2106,1934
2108,1934
2109,1934
2110,1934
2111,1934
2112,1934
2113,1934
2114,1934
2115,1934
2116,1934
2117,1934
2118,1935
2119,1935
2120,1935
2121,1935
2122,1935
2123,1935
2124,1935
2125,1935
2126,1935
2127,1935
2128,1935
2129,1935
2130,1935
2131,1935
2132,1935
2133,1935
2134,1935
2135,1935
2136,1935
2137,1935
2138,1935
2139,1935
2140,1935
2141,1935
2142,1935
2143,1936
2144,1936
2145,1936
2146,1936
2147,1936
2148,1936
2149,1936
2150,1936
2151,1936
2152,1936
2153,1936
2154,1936
2155,1936
2156,1936
2157,1936
2158,1936
2159,1936
2160,1936
2161,1936
2162,1936
2163,1936
2164,1936
2165,1936
2166,1936
2167,1936
2168,1936
2169,1936
2170,1937
2171,1937
2172,1937
2173,1937
2174,1937
2175,1937
2176,1937
2177,1937
2178,1937
2179,1937
2180,1937
2181,1937
2182,1937
2183,1937
2184,1937
2185,1937
2186,1937
2187,1937
2188,1937
2189,1937
2190,1937
2191,1937
2192,1937
2193,1937
2194,1937
2195,2000
2196,2000
2197,2000
2198,2000
2199,1937
2200,1937
2201,1938
2202,1938
2203,1938
2204,1938
2205,1938
2206,1938
2207,1938
2208,1938
2209,1938
2210,1938
2211,1938
2212,1938
2213,1939
2214,1939
2215,1939
2216,1939
2217,1939
2218,1939
2219,1939
2220,1939
2221,1939
2222,1939
2223,1939
2224,1939
2225,1939
2226,1939
2227,1939
2228,1940
2229,1940
2230,1940
2231,1940
2232,1940
2233,1940
2234,1940
2235,1940
2236,1940
2237,1940
2238,1940
2239,1940
2240,1940
2241,1940
2242,1940
2243,1940
2244,1940
2245,1940
2246,1940
2247,1941
2248,1941
2249,1941
2250,1941
2251,1941
2252,1941
2253,1941
2254,1941
2255,1941
2256,1941
2257,1941
2258,1941
2259,1941
2260,1941
2261,1941
2262,1941
2263,1941
2264,1941
2265,1941
2266,1941
2267,1941
2268,1941
2269,1941
2270,1942
2271,1942
2272,1942
2273,1942
2274,1942
2275,1942
2276,1942
2277,1942
2278,1942
2279,1942
2280,1942
2281,1942
2282,1942
2283,1942
2284,1942
2285,1942
2286,1942
2287,1942
2288,1942
2289,1942
2290,1943
2291,1943
2292,1943
2293,1943
2294,1943
2295,1943
2296,1943
2297,1943
2298,1943
2299,1944
2300,1944
2301,1944
2302,1945
2303,1945
2304,1945
2305,1945
2306,1945
2307,1945
2308,1945
2309,1946
2310,1946
2311,1946
2312,1946
2313,1946
2314,1946
2315,1947
2316,1947
2317,1947
2318,1947
2319,1947
2320,1947
2321,1947
2322,1947
2323,1947
2324,1947
2325,1947
2326,1947
2327,1947
2328,1947
2329,1947
2330,1947
2331,1947
2332,1947
2333,1948
2334,1948
2335,1948
2336,1948
2337,1948
2338,1948
2339,1949
2340,1949
2341,1949
2342,1949
2343,1949
2344,1949
2345,1949
2346,1949
2347,1949
2348,1949
2349,1949
2350,1949
2351,1949
2352,1949
2353,1949
2354,1949
2355,1949
2356,1950
2357,1950
2358,1950
2359,1950
2360,1950
2361,1950
2362,1950
2363,1950
2364,1951
2365,1951
2366,1951
2367,1951
2368,1951
2369,1951
2370,1951
2372,1951
2373,1951
2374,1951
2375,1951
2376,1951
2377,1951
2378,1951
2379,1951
2380,1951
2381,1951
2382,1951
2383,1951
2384,1952
2385,1952
2386,1952
2387,1952
2388,1952
2390,1952
2391,1952
2392,1952
2393,1952
2395,1952
2396,1952
2397,1952
2398,1952
2399,1952
2400,1952
2401,1952
2402,1952
2403,1952
2404,1952
2405,1953
2406,1953
2407,1953
2408,1953
2409,1953
2410,1953
2411,1953
2412,1953
2413,1953
2414,1953
2415,1953
2416,1953
2417,1953
2418,1954
2419,1954
2420,1954
2421,1954
2422,1954
2423,1954
2424,1954
2425,1954
2426,1954
2427,1954
2428,1954
2429,1954
2430,1954
2431,1954
2432,1954
2433,1954
2434,1955
2435,1955
2436,1955
2437,1955
2438,1955
2439,1955
2440,1955
2441,1955
2442,1955
2443,1955
2444,1955
2445,1955
2446,1955
2447,1955
2448,1955
2449,1955
2450,1955
2451,1955
2452,1955
2453,1955
2454,1956
2455,1956
2456,1956
2457,1956
2458,1956
2459,1956
2460,1956
2461,1956
2462,1956
2463,1956
2464,1956
2465,1956
2466,1956
2468,1956
2469,1957
2470,1957
2471,1957
2472,1957
2473,1957
2474,1957
2475,1957
2476,1957
2477,1957
2478,1957
2479,1957
2480,1957
2481,1957
2482,1958
2483,1958
2484,1958
2485,1958
2486,1958
2487,1958
2488,1958
2489,1958
2490,1958
2491,1958
2492,1958
2493,1958
2494,1959
2495,1959
2496,1959
2497,1959
2498,1959
2499,1959
2500,1959
2501,1959
2502,1959
2503,1959
2504,1959
2505,1959
2506,1959
2507,1959
2508,1959
2509,1959
2510,1959
2511,1959
2512,1967
2513,1967
2514,1967
2515,1967
2516,1967
2517,1967
2518,1967
2519,1967
2520,1967
2521,1967
2522,1967
2523,1967
2525,1967
2526,1967
2527,1968
2528,1968
2529,1968
2530,1968
2531,1968
2532,1968
2533,1968
2535,1968
2536,1968
2537,1968
2538,1968
2539,1968
2540,1968
2541,1968
2542,1968
2543,1968
2544,1968
2545,1968
2546,1968
2547,1968
2548,1968
2549,1968
2550,1968
2551,1968
2552,1968
2553,1968
2554,1968
2555,1968
2556,1968
2557,1968
2558,1968
2559,1968
2560,1968
2561,1968
2562,1968
2563,1968
2564,1968
2565,1968
2566,1968
2567,1969
2568,1969
2569,1969
2570,1969
2571,1969
2572,1969
2573,1969
2574,1969
2575,1969
2576,1969
2577,1969
2578,1969
2579,1969
2580,1969
2581,1969
2582,1969
2583,1969
2584,1969
2585,1969
2586,1969
2587,1969
2588,1969
2589,1969
2590,1969
2591,1969
2592,1969
2593,1969
2594,1969
2595,1969
2596,1969
2597,1969
2598,1969
2599,1969
2600,1969
2602,1969
2603,1969
2604,1969
2605,1969
2606,1969
2607,1969
2608,1969
2609,1969
2610,1969
2611,1969
2612,1969
2613,1970
2614,1970
2615,1970
2616,1970
2617,1970
2618,1970
2619,1970
2620,1970
2621,1970
2622,1970
2623,1970
2624,1970
2625,1970
2626,1970
2627,1970
2628,1970
2629,1970
2630,1970
2631,1970
2632,1970
2633,1970
2634,1970
2635,1970
2636,1970
2637,1970
2638,1970
2639,1970
2640,1970
2641,1970
2642,1970
2643,1970
2644,1970
2645,1970
2646,1970
2647,1970
2648,1970
2649,1970
2650,1970
2651,1970
2652,1970
2653,1971
2654,1971
2655,1971
2656,1971
2657,1971
2658,1971
2663,1971
2659,1971
2660,1971
2661,1971
2662,1971
2664,1971
2665,1971
2666,1971
2667,1971
2668,1971
2669,1971
2670,1971
2671,1971
2672,1971
2673,1971
2674,1971
2675,1971
2676,1971
2677,1971
2678,1971
2679,1971
2680,1971
2681,1971
2682,1971
2683,1971
2684,1971
2685,1971
2686,1971
2687,1971
2688,1971
2689,1971
2690,1972
2691,1972
2692,1972
2693,1972
2694,1972
2695,1972
2696,1972
2697,1972
2698,1972
2699,1972
2700,1972
2701,1972
2702,1972
2703,1972
2704,1972
2705,1972
2706,1972
2707,1972
2708,1972
2709,1972
2710,1972
2711,1972
2712,1972
2713,1972
2714,1972
2715,1972
2716,1972
2717,1972
2718,1972
2719,1973
2720,1973
2721,1973
2722,1973
2723,1973
2724,1973
2725,1973
2726,1973
2727,1973
2728,1973
2729,1973
2730,1973
2731,1973
2732,1973
2733,1973
2734,1973
2735,1973
2736,1973
2737,1973
2738,1973
2739,1974
2740,1974
2741,1974
2742,1974
2743,1974
2744,1974
2745,1974
2746,1974
2747,1974
2748,1974
2749,1974
2750,1974
2751,1974
2752,1974
2753,1974
2754,1974
2755,1974
2756,1974
2757,1975
2758,1975
2759,1975
2760,1975
2761,1975
2762,1975
2763,1975
2764,1975
2765,1975
2766,1975
2791,2003
2767,2004
2768,2004
2769,2004
2770,2004
2771,2004
2792,2004
2772,2004
2794,2004
2774,2004
2773,2004
2775,2004
2776,2004
2777,2004
2778,2004
2779,2004
2790,2003
2795,2004
2796,2004
2797,2004
2798,2004
2799,2004
2800,2004
2802,2004
2803,2004
2830,2003
2804,2004
2805,2004
2833,2003
2807,2004
2806,2004
2809,2004
2810,2004
2808,2004
2811,2004
2812,2004
2813,2004
2814,2004
2815,2004
2816,2004
2817,2004
2818,2004
2819,2004
2820,2004
2822,2003
2823,2003
2824,2003
2825,2003
2826,2003
2827,2003
2828,2003
2829,2003
2831,2003
2832,2003
2834,2003
2835,2003
2836,2003
2837,2003
2838,2003
2862,2002
2839,2003
2840,2003
2841,2003
2863,2002
2842,1957
2843,1994
2871,2002
2844,1992
2872,2002
2845,2003
2846,2003
2858,2002
2847,2003
2849,2003
2848,2003
2850,2003
2851,2003
2852,2003
2853,2003
2854,2002
2855,2002
2856,2002
2857,2002
2859,2002
2860,2002
2861,2002
2864,2002
2865,2002
2866,2002
2867,2002
2868,2002
2869,2002
2870,2002
2873,2002
2874,2002
2898,2001
2875,2002
2900,2001
2876,2002
2877,2002
2878,2002
2879,1936
2880,2003
2881,2003
2882,2003
2883,2003
2884,2003
2885,2003
2886,2001
2887,2001
2888,2001
2889,2001
2891,2001
2892,2001
2893,2001
2894,2001
2895,2001
2896,2001
2897,2001
2899,2001
2901,2001
2902,2001
2903,2001
2904,2001
2905,2001
2906,2001
2907,2001
2908,2001
2909,2001
2910,2001
2911,2001
2912,2002
2932,2001
2913,2002
2929,2001
2914,2002
2915,2002
2916,2002
2917,2002
2918,1976
2919,1976
2920,1976
2921,1976
2922,1976
2923,1976
2924,1976
2925,1976
2926,1976
2927,1976
2928,2001
2930,2001
2931,2001
2933,2001
2934,2001
2935,2001
2936,2001
2937,2001
2938,2001
2939,2001
2940,2001
2941,2001
2942,2001
2943,2001
2944,2001
2945,2001
2946,2001
2947,2001
2948,2001
2949,2001
2950,1977
2951,1977
2952,1977
2953,1977
2954,1977
2955,1978
2956,1978
2957,1978
2958,1978
2959,2000
2960,2000
2961,2000
2962,2000
2963,1978
2964,1978
2965,1978
2966,1978
2968,1978
2969,1978
2970,1978
2971,1978
2972,1978
2973,1978
2974,1987
2975,1976
2976,1976
2977,1976
2978,1976
2979,1976
2980,1976
2981,1976
2982,2000
2983,2000
2984,2000
2985,1931
2986,2000
2989,2000
2987,2000
2988,2000
2990,2000
2991,1932
2992,1932
2993,1932
2994,1932
3015,1999
2995,1932
2996,1932
2997,1932
2998,1932
2999,1932
3000,1932
3001,1932
3002,1932
3003,1932
3004,1932
3005,1932
3006,1932
3007,1932
3008,1932
3009,1932
3010,1932
3012,1932
3013,1932
3014,1999
3016,1999
3017,1999
3018,1999
3019,1931
3020,1931
3021,1931
3022,1931
3047,1999
3023,1931
3024,1999
3025,1999
3026,1999
3027,1999
3028,1999
3029,1999
3030,1999
3031,1931
3032,1931
3033,1931
3034,1931
3035,1931
3036,1931
3037,1931
3038,1931
3039,1931
3040,1931
3041,1931
3042,1931
3043,1931
3044,1931
3045,1931
3046,1930
3048,1999
3049,1999
3050,1999
3051,1999
3052,1999
3053,1930
3054,1930
3055,1930
3056,1930
3057,1930
3058,1930
3059,1930
3060,1930
3061,1930
3062,1930
3063,1930
3064,1930
3065,1930
3066,1930
3067,1931
3068,1931
3069,1931
3070,1931
3071,1931
3072,1931
3073,1930
3074,1930
3075,1931
3076,1930
3077,1930
3078,1930
3079,1967
3081,1967
3082,1967
3083,1967
3084,1967
3085,1967
3086,1967
3087,1967
3088,1967
3089,1967
3090,1967
3091,1967
3092,1967
3093,1967
3094,1967
3095,1967
3096,1999
3097,1999
3098,1999
3099,1999
3100,1999
3101,1999
3102,1999
3103,1999
3104,1999
3105,1999
3106,1999
3107,1999
3108,1999
3109,1942
3110,1928
3111,1928
3112,1928
3113,1928
3114,1928
3115,1928
3116,1928
3117,1928
3118,1929
3119,1929
3120,1929
3121,1929
3122,1929
3123,1929
3124,1929
3125,1929
3126,1929
3127,1929
3128,1929
3129,1929
3130,1929
3131,1929
3132,1930
3133,1930
3134,1929
3135,1929
3136,1928
3137,1929
3139,1929
3140,1929
3141,1929
3142,1927
3143,1927
3144,1927
3145,1927
3146,1927
3147,1927
3148,1927
3149,1927
3150,1927
3151,1927
3152,1927
3153,1927
3154,1998
3155,1998
3156,1998
3157,1998
3158,1998
3159,1998
3160,1927
3161,1927
3162,1928
3163,1928
3164,1928
3165,1928
3166,1928
3167,1928
3168,1928
3169,1928
3170,1928
3171,1928
3172,1928
3173,1928
3174,1998
3175,1998
3176,1998
3177,1998
3178,1925
3179,1925
3180,1925
3181,1925
3182,1925
3183,1925
3184,1925
3185,1925
3186,1925
3187,1925
3188,1925
3189,1926
3190,1926
3191,1926
3192,1926
3193,1926
3194,1926
3195,1926
3196,1926
3197,1926
3198,1926
3199,1926
3200,1927
3201,1927
3202,1927
3235,1998
3203,1927
3204,1927
3205,1927
3206,1923
3207,1923
3208,1923
3209,1923
3210,1924
3211,1924
3212,1924
3213,1924
3214,1924
3215,1924
3216,1923
3217,1924
3218,1924
3219,1924
3220,1924
3221,1924
3222,1924
3223,1924
3224,1924
3225,1924
3226,1924
3227,1924
3228,1924
3229,1924
3230,1924
3231,1924
3232,1924
3233,1924
3234,1924
3236,1998
3237,1998
3238,1966
3239,1966
3245,1998
3240,1998
3241,1998
3242,1998
3243,1998
3244,1998
3246,1998
3247,1921
3248,1921
3249,1921
3250,1921
3251,1921
3252,1922
3253,1922
3254,1922
3255,1922
3256,1922
3257,1922
3258,1922
3259,1923
3260,1923
3261,1923
3262,1923
3263,1923
3264,1923
3265,1923
3266,1923
3267,1923
3268,1923
3269,1923
3270,1965
3271,1965
3272,1966
3273,1966
3274,1966
3275,1966
3276,1966
3277,1966
3278,1966
3279,1966
3280,1966
3281,1966
3282,1966
3283,1966
3284,1966
3285,1966
3286,1966
3287,1966
3288,1966
3289,1966
3290,1966
3291,1966
3292,1966
3293,1966
3294,1966
3295,1966
3296,1966
3297,1966
3298,1966
3299,1966
3300,1966
3301,1966
3302,1964
3303,1964
3304,1964
3306,1964
3307,1964
3308,1964
3309,1964
3310,1964
3311,1964
3312,1964
3313,1964
3314,1964
3315,1964
3316,1965
3317,1965
3318,1965
3319,1965
3320,1965
3321,1965
3322,1965
3323,1965
3324,1965
3325,1965
3326,1965
3327,1965
3328,1965
3329,1965
3330,1965
3331,1965
3332,1965
3333,1965
3334,1963
3335,1963
3336,1963
3337,1963
3338,1963
3339,1963
3340,1963
3341,1963
3342,1963
3343,1963
3344,1963
3345,1963
3346,1964
3347,1964
3348,1964
3368,1998
3350,1964
3367,1998
3351,1964
3352,1964
3353,1964
3354,1964
3355,1964
3356,1964
3357,1964
3358,1964
3359,1964
3360,1964
3361,1964
3362,1964
3363,1964
3364,1964
3365,1964
3366,1998
3369,1998
3370,1998
3371,1998
3372,1998
3373,1963
3374,1963
3375,1963
3376,1963
3377,1963
3378,1963
3379,1963
3380,1963
3381,1963
3382,1963
3383,1963
3384,1963
3385,1963
3386,1963
3387,1963
3388,1963
3389,1963
3390,1963
3391,1963
3392,1963
3393,1963
3394,1963
3395,1963
3396,1963
3397,1963
3398,1962
3399,1962
3400,1962
3401,1962
3402,1962
3403,1962
3404,1962
3405,1962
3406,1962
3407,1962
3408,1962
3409,1962
3410,1962
3411,1962
3412,1962
3413,1962
3414,1962
3415,1962
3416,1962
3417,1962
3419,1962
3420,1962
3421,1962
3425,1962
3426,1962
3430,1961
3431,1961
3432,1961
3433,1961
3434,1961
3435,1961
3436,1961
3437,1961
3438,1961
3439,1961
3440,1961
3441,1961
3442,1961
3443,1961
3444,1961
3445,1961
3446,1961
3447,1961
3448,1962
3449,1962
3450,1962
3452,1962
3453,1962
3454,1962
3455,1962
3456,1962
3457,1962
3458,1962
3459,1962
3460,1962
3461,1962
3462,1960
3463,1960
3464,1960
3465,1960
3466,1960
3467,1961
3468,1961
3469,1961
3470,1961
3471,1961
3472,1961
3473,1961
3474,1961
3475,1961
3476,1961
3477,1961
3478,1961
3479,1961
3480,1961
3481,1961
3482,1961
3483,1961
3485,1961
3486,1961
3487,1961
3488,1961
3489,1961
3491,1961
3492,1961
3493,1961
3494,1979
3495,1979
3496,1978
3497,1978
3498,1978
3499,1982
3500,1980
3501,1998
3502,1998
3503,1998
3504,1998
3505,1998
3506,1998
3507,1998
3508,1998
3509,1967
3510,1967
3511,1967
3512,1967
3513,1966
3514,1966
3515,1965
3516,1965
3517,1965
3518,1964
3519,1960
3520,1960
3521,1960
3522,1960
3523,1960
3524,1960
3525,1960
3526,1984
3527,1984
3528,1983
3529,1983
3530,1983
3531,1980
3532,1984
3533,1983
3534,1984
3535,1983
3536,1984
3538,1982
3539,1981
3540,1985
3541,1984
3542,1964
3543,1984
3544,1960
3545,1960
3546,1960
3547,1960
3548,1960
3550,1960
3551,1960
3552,1960
3553,1960
3554,1960
3555,1960
3556,1985
3557,1981
3558,1997
3559,1997
3560,1995
3561,1995
3562,1995
3563,1992
3564,1992
3565,1995
3566,1995
3569,1995
3567,1995
3568,1995
3591,1997
3570,1992
3571,1995
3572,1995
3573,1995
3574,1995
3575,1995
3576,1995
3577,1986
3578,1986
3579,1986
3580,1986
3581,1986
3582,1986
3583,1986
3584,1986
3585,1985
3586,1985
3587,1985
3588,1985
3589,1985
3590,1997
3592,1997
3593,1997
3594,1997
3595,1997
3596,1957
3597,1954
3598,1957
3599,1997
3600,1997
3601,1997
3602,1997
3603,1997
3637,1996
3604,1997
3605,1997
3606,1997
3607,1997
3608,1997
3609,1997
3610,1997
3611,1997
3612,1997
3613,1997
3614,1997
3615,1997
3616,1997
3617,1997
3618,1997
3619,1997
3620,1997
3621,1997
3622,1996
3623,1996
3624,1996
3625,1996
3626,1996
3627,1996
3628,1996
3629,1996
3630,1996
3631,1996
3632,1996
3633,1996
3634,1996
3635,1996
3636,1996
3671,1995
3638,1996
3639,1996
3665,1995
3640,1996
3641,1996
3642,1996
3643,1996
3644,1959
3645,1959
3646,1959
3647,1958
3648,1956
3649,1955
3650,1958
3651,1996
3652,1996
3653,1996
3654,1995
3655,1995
3656,1995
3657,1995
3658,1995
3659,1995
3660,1995
3661,1995
3662,1995
3663,1995
3664,1995
3666,1995
3667,1995
3668,1995
3669,1995
3670,1995
3672,1995
3674,1995
3675,1995
3676,1995
3677,1995
3678,1995
3679,1996
3680,1996
3681,1996
3682,1996
3683,1996
3684,1996
3685,1996
3686,1944
3687,1944
3688,1944
3689,1944
3690,1944
3691,1945
3692,1945
3693,1945
3694,1945
3695,1945
3696,1945
3697,1945
3698,1945
3699,1942
3700,1944
3701,1951
3702,1951
3703,1951
3704,1951
3705,1951
3706,1951
3707,1951
3708,1951
3709,1951
3710,1951
3711,1951
3712,1957
3713,1929
3714,1994
3715,1994
3716,1994
3717,1995
3718,1928
3719,1940
3720,1945
3721,1939
3722,1945
3723,1928
3724,1943
3725,1938
3726,1928
3727,1943
3728,1943
3729,1943
3730,1928
3731,1922
3732,1944
3733,1928
3734,1928
3735,1944
3736,1928
3737,1944
3738,1929
3739,1944
3740,1944
3741,1933
3743,1944
3744,1944
3745,1944
3746,1944
3748,1944
3749,1944
3750,1940
3751,1929
3752,1930
3753,1945
3754,1930
3755,1945
3757,1928
3758,1945
3759,1940
3760,1945
3761,1928
3762,1945
3763,1940
3764,1945
3765,1928
3766,1930
3768,1940
3769,1928
3770,1945
3771,1940
3772,1930
3773,1940
3774,1945
3775,1928
3776,1931
3777,1940
3778,1945
3779,1930
3780,1940
3781,1945
3782,1931
3783,1931
3784,1930
3785,1930
3786,1930
3787,1930
3788,1930
3789,1938
3790,1942
3791,1929
3792,1938
3793,1938
3794,1942
3795,1938
3796,1943
3797,1929
3798,1938
3799,1943
3800,1942
3801,1938
3802,1938
3803,1930
3804,1942
3805,1938
3806,1942
3807,1938
3808,1938
3809,1929
3810,1940
3811,1928
3812,1928
3813,1945
3814,1937
3815,1933
3816,1938
3817,1938
3818,1933
3819,1938
3820,1938
3821,1938
3822,1938
3823,1938
3824,1933
3825,1938
3826,1933
3827,1933
3828,1933
3829,1934
3830,1933
3831,1934
3832,1934
3833,1930
3834,1931
3835,1931
3836,1930
3837,1931
3838,1931
3839,1931
3840,1931
3841,1931
3842,1931
3843,1931
3844,1931
3845,1931
3846,1937
3847,1937
3848,1933
3849,1937
3850,1937
3851,1937
3852,1937
3853,1933
3854,1933
3855,1933
3857,1933
3858,1933
3859,1933
3860,1937
3861,1933
3862,1937
3863,1937
3864,1933
3865,1937
3866,1937
3867,1933
3868,1937
3869,1937
3870,1933
3871,1938
3872,1938
3873,1933
3874,1938
3875,1938
3876,1938
3877,1933
3878,1933
3879,1933
3880,1933
3881,1933
3882,1937
3883,1933
3884,1933
3885,1933
3886,1937
3887,1933
3888,1937
3889,1937
3890,1937
3891,1937
3892,1933
3893,1937
3894,1937
3895,1937
3896,1933
3897,1937
3898,1937
3899,1937
3900,1937
3901,1933
3902,1937
3903,1937
3904,1937
3905,1933
3906,1937
3907,1933
3908,1937
3909,1933
3910,1951
3911,1951
3912,1951
3913,1937
3914,1951
3915,1938
3916,1938
3917,1951
3918,1938
3919,1951
3920,1938
3921,1938
3922,1938
3923,1938
3924,1937
3925,1937
3926,1937
3927,1937
3928,1937
3929,1937
3930,1937
3931,1937
3932,1934
3933,1934
3934,1934
3935,1933
3936,1933
3937,1934
3938,1934
3939,1933
3940,1933
3941,1933
3942,1952
3944,1929
3945,1952
3947,1952
3948,1929
3949,1952
3950,1935
3951,1929
3952,1952
3953,1952
3954,1936
3955,1936
3956,1936
3958,1952
3959,1952
3960,1952
3961,1936
3962,1951
3963,1936
3964,1951
3965,1936
3966,1951
3967,1936
3968,1936
3969,1936
3970,1951
3971,1951
3972,1951
3973,1951
3974,1930
3975,1952
3976,1929
3977,1952
3978,1929
3979,1951
3980,1929
3981,1951
3982,1929
3983,1951
3984,1951
3985,1951
3986,1951
3987,1951
3988,1951
3989,1935
3990,1929
3991,1951
3992,1932
3993,1932
3994,1951
3995,1951
3996,1951
3997,1951
3998,1928
3999,1952
4000,1928
4001,1952
4002,1952
4004,1952
4005,1928
4006,1932
4007,1929
4008,1952
4009,1952
4010,1929
4011,1965
4012,1952
4013,1929
4015,1966
4016,1952
4017,1964
4018,1952
4019,1963
4020,1932
4021,1965
4022,1928
4023,1963
4024,1952
4025,1932
4026,1962
4027,1952
4028,1952
4029,1952
4030,1952
4031,1929
4032,1952
4033,1952
4034,1952
4035,1929
4036,1932
4037,1952
4038,1935
4039,1932
4040,1929
4041,1932
4042,1929
4043,1935
4044,1932
4045,1929
4046,1935
4047,1932
4048,1929
4049,1932
4050,1952
4051,1952
4052,1929
4053,1952
4054,1929
4055,1952
4056,1929
4057,1932
4058,1932
4059,1929
4060,1929
4061,1929
4062,1929
4063,1929
4064,1929
4065,1929
4066,1932
4067,1930
4068,1952
4069,1932
4070,1959
4071,1927
4072,1958
4073,1936
4074,1960
4075,1959
4076,1927
4077,1959
4078,1936
4079,1936
4080,1959
4081,1928
4082,1959
4083,1929
4085,1936
4086,1960
4087,1928
4089,1929
4090,1936
4091,1929
4092,1933
4093,1936
4094,1933
4095,1935
4097,1931
4098,1935
4099,1931
4101,1931
4102,1927
4103,1936
4104,1932
4105,1932
4106,1927
4108,1932
4110,1925
4111,1927
4112,1936
4113,1936
4114,1926
4115,1936
4116,1927
4117,1933
4118,1927
4119,1928
4120,1933
4121,1926
4122,1933
4123,1926
4124,1936
4125,1936
4126,1927
4127,1936
4128,1927
4129,1922
4130,1936
4131,1959
4132,1926
4133,1936
4134,1936
4135,1932
4136,1932
4137,1936
4138,1936
4139,1926
4140,1936
4141,1932
4142,1936
4143,1932
4144,1936
4145,1932
4146,1936
4147,1926
4148,1932
4149,1936
4150,1926
4151,1932
4152,1936
4153,1932
4154,1936
4155,1927
4156,1936
4157,1932
4158,1932
4159,1932
4160,1926
4161,1936
4162,1936
4163,1927
4164,1932
4165,1936
4166,1926
4167,1932
4168,1932
4169,1932
4170,1934
4171,1926
4172,1934
4174,1934
4175,1927
4176,1934
4177,1932
4178,1934
4179,1934
4180,1934
4181,1927
4182,1936
4183,1932
4206,1932
4184,1936
4185,1936
4186,1926
4187,1936
4188,1926
4189,1936
4190,1932
4191,1936
4192,1927
4193,1936
4194,1933
4195,1927
4196,1932
4197,1927
4198,1927
4199,1932
4200,1932
4201,1947
4202,1927
4203,1947
4204,1926
4207,1947
4208,1926
4209,1947
4210,1947
4211,1926
4212,1947
4213,1947
4214,1932
4215,1947
4216,1947
4217,1926
4218,1947
4219,1932
4220,1947
4221,1926
4222,1932
4223,1947
4224,1947
4225,1947
4226,1949
4227,1932
4228,1949
4229,1949
4230,1951
4231,1950
4232,1950
4233,1932
4234,1950
4235,1950
4236,1927
4237,1932
4238,1950
4239,1950
4240,1931
4241,1950
4242,1931
4243,1950
4244,1950
4245,1927
4246,1951
4247,1951
4248,1960
4249,1952
4250,1931
4251,1927
4252,1931
4253,1947
4254,1947
4255,1947
4256,1957
4257,1947
4258,1927
4259,1932
4260,1947
4261,1947
4262,1932
4263,1949
4264,1926
4265,1949
4266,1949
4267,1926
4268,1931
4269,1928
4270,1931
4271,1927
4272,1927
4273,1928
4274,1927
4275,1949
4276,1949
4277,1949
4278,1949
4279,1949
4280,1949
4281,1949
4282,1927
4283,1949
4284,1949
4285,1949
4286,1928
4287,1932
4288,1949
4289,1964
4290,1949
4291,1931
4292,1950
4293,1965
4294,1926
4295,1950
4296,1931
4297,1950
4298,1951
4299,1926
4300,1949
4301,1930
4302,1949
4303,1949
4304,1926
4305,1949
4306,1949
4307,1949
4308,1949
4309,1926
4310,1930
4311,1949
4312,1949
4313,1926
4314,1949
4315,1949
4316,1949
4317,1930
4318,1925
4319,1949
4320,1949
4321,1949
4322,1931
4323,1925
4324,1922
4325,1949
4326,1950
4327,1931
4329,1950
4330,1924
4331,1950
4332,1924
4333,1930
4334,1924
4335,1924
4336,1950
4337,1923
4338,1924
4339,1931
4340,1950
4341,1927
4342,1950
4343,1950
4344,1923
4345,1950
4346,1931
4347,1950
4348,1927
4349,1950
4350,1959
4351,1959
4352,1926
4353,1959
4354,1950
4355,1923
4356,1931
4357,1950
4358,1948
4359,1925
4360,1925
4361,1957
4362,1925
4363,1931
4364,1925
4365,1930
4366,1925
4367,1930
4368,1925
4369,1931
4370,1925
4371,1924
4372,1931
4373,1924
4374,1924
4375,1925
4376,1924
4377,1931
4378,1948
4379,1924
4380,1948
4381,1948
4382,1948
4383,1924
4384,1949
4385,1950
4386,1925
4387,1950
4388,1925
4389,1950
4390,1960
4391,1925
4392,1930
4393,1958
4394,1931
4395,1960
4396,1930
4397,1965
4398,1930
4399,1960
4400,1930
4401,1965
4402,1960
4403,1959
4404,1930
4407,1930
4408,1957
4409,1930
4410,1930
4411,1949
4412,1930
4413,1949
4414,1949
4415,1959
4416,1948
4417,1960
4418,1931
4419,1948
4420,1958
4421,1948
4422,1946
4423,1963
4424,1946
4425,1963
4426,1963
4427,1965
4428,1946
4429,1966
4430,1925
4431,1959
4432,1946
4433,1957
4434,1946
4435,1959
4436,1959
4437,1946
4438,1946
4439,1958
4440,1946
4441,1946
4442,1959
4443,1925
4444,1958
4445,1946
4446,1957
4447,1946
4448,1958
4449,1959
4450,1925
4451,1958
4452,1946
4453,1946
4454,1945
4455,1925
4456,1945
4457,1927
4458,1957
4459,1964
4460,1925
4461,1962
4462,1962
4463,1966
4464,1945
4465,1957
4466,1925
4467,1960
4469,1957
4470,1925
4471,1966
4473,1925
4474,1965
4475,1946
4476,1965
4477,1946
4478,1925
4479,1925
4480,1946
4481,1960
4482,1946
4483,1964
4484,1925
4485,1963
4486,1924
4487,1924
4488,1924
4489,1924
4490,1924
4491,1924
4492,1924
4493,1934
4494,1924
4495,1934
4496,1924
4497,1934
4498,1965
4499,1925
4500,1934
4501,1925
4502,1934
4503,1925
4504,1934
4505,1925
4506,1934
4507,1925
4508,1934
4509,1934
4510,1925
4511,1925
4512,1934
4513,1925
4514,1947
4515,1925
4516,1945
4517,1925
4518,1935
4519,1959
4520,1935
4521,1935
4522,1958
4523,1935
4524,1958
4525,1935
4526,1935
4528,1958
4529,1924
4530,1958
4531,1935
4532,1923
4533,1958
4534,1958
4535,1958
4536,1958
4538,1958
4539,1958
4540,1935
4541,1934
4542,1934
4543,1924
4544,1924
4545,1934
4546,1924
4547,1934
4548,1923
4549,1924
4550,1921
4552,1921
4554,1934
4555,1934
4556,1925
4557,1934
4558,1925
4559,1925
4560,1935
4561,1924
4563,1958
4564,1958
4565,1935
4566,1958
4567,1935
4568,1935
4569,1958
4570,1935
4571,1958
4572,1935
4573,1958
4574,1935
4575,1958
4576,1958
4577,1958
4578,1935
4579,1958
4580,1935
4581,1958
4582,1923
4583,1921
4584,1949
4585,1960
4586,1934
4587,1934
4588,1923
4589,1935
4590,1922
4591,1934
4592,1923
4593,1923
4594,1934
4595,1923
4596,1934
4597,1921
4598,1934
4599,1934
4600,1923
4601,1934
4602,1923
4603,1921
4604,1922
4605,1921
4606,1934
4607,1934
4608,1921
4609,1934
4610,1923
4611,1934
4612,1923
4613,1934
4614,1922
4615,1921
4616,1922
4617,1921
4618,1922
4619,1921
4620,1921
4621,1922
4622,1922
4623,1923
4624,1923
4625,1923
4626,1923
4627,1923
4628,1923
4629,1921
4630,1921
4631,1921
4632,1921
4633,1921
4634,1923
4635,1923
4636,1923
4637,1923
4638,1921
4639,1922
4640,1923
4641,1923
4642,1923
4643,1923
4644,1922
4645,1922
4646,1957
4647,1956
4648,1956
4649,1956
4650,1956
4651,1956
4652,1956
4653,1956
4654,1956
4676,1922
4655,1956
4656,1956
4657,1956
4658,1956
4659,1956
4660,1958
4661,1958
4662,1958
4663,1923
4664,1921
4665,1921
4666,1921
4667,1922
4668,1965
4669,1959
4670,1923
4671,1960
4672,1923
4673,1958
4674,1958
4675,1958
4677,1959
4678,1956
4679,1956
4680,1940
4681,1956
4682,1942
4683,1956
4684,1956
4685,1942
4687,1956
4688,1956
4689,1941
4690,1941
4691,1941
4692,1941
4693,1956
4694,1957
4695,1957
4696,1957
4697,1957
4698,1957
4699,1957
4700,1957
4701,1957
4702,1957
4703,1957
4704,1957
4705,1957
4706,1957
4707,1957
4708,1957
4709,1957
4710,1955
4711,1941
4712,1955
4713,1941
4714,1955
4715,1955
4716,1941
4717,1955
4718,1955
4719,1941
4720,1955
4721,1941
4722,1942
4723,1942
4724,1955
4725,1955
4726,1942
4727,1955
4728,1955
4729,1942
4730,1942
4731,1955
4732,1955
4733,1955
4734,1955
4735,1955
4736,1955
4737,1938
4738,1956
4739,1956
4740,1956
4741,1939
4742,1943
4743,1943
4744,1942
4745,1943
4746,1943
4747,1942
4748,1958
4749,1942
4750,1941
4751,1941
4752,1943
4753,1941
4754,1943
4755,1943
4756,1942
4757,1943
4758,1942
4759,1943
4760,1943
4761,1942
4762,1943
4763,1943
4764,1943
4765,1942
4766,1942
4767,1942
4768,1942
4769,1942
4770,1942
4771,1942
4772,1942
4773,1942
4774,1942
4775,1941
4776,1941
4777,1942
4778,1941
4779,1942
4780,1941
4781,1941
4782,1942
4783,1941
4784,1942
4785,1941
4786,1941
4787,1942
4788,1941
4789,1941
4790,1942
4791,1941
4792,1942
4793,1941
4794,1941
4795,1941
4796,1941
4797,1941
4798,1942
4799,1941
4805,1942
4800,1942
4801,1943
4802,1942
4803,1943
4804,1943
4806,1940
4807,1940
4808,1940
4809,1940
4810,1940
4811,1940
4812,1940
4813,1940
4814,1938
4815,1940
4816,1940
4817,1940
4818,1940
4819,1940
4820,1940
4821,1940
4822,1940
4823,1939
4824,1939
4825,1939
4826,1939
4827,1939
4828,1939
4829,1939
4830,1939
4831,1939
4832,1939
4833,1939
4834,1939
4835,1941
4836,1941
4837,1941
4838,1953
4839,1953
4840,1953
4841,1956
4842,1956
4843,1956
4844,1923
4845,1956
4846,1956
4847,1956
4848,1923
4849,1956
4850,1956
4851,1921
4852,1921
4853,1955
4854,1921
4855,1955
4856,1955
4857,1921
4858,1955
4859,1938
4860,1939
4861,1939
4862,1939
4863,1939
4865,1939
4866,1939
4867,1940
4868,1940
4869,1940
4871,1953
4872,1953
4873,1953
4874,1922
4875,1959
4876,1959
4877,1959
4878,1960
4879,1957
4880,1958
4881,1957
4882,1959
4883,1953
4884,1958
4885,1959
4886,1953
4887,1953
4888,1953
4889,1953
4890,1953
4891,1953
4892,1953
4893,1953
4894,1953
4895,1953
4896,1953
4897,1953
4898,1953
4899,1953
4900,1954
4901,1953
4902,1954
4903,1954
4904,1954
4905,1954
4906,1954
4907,1954
4908,1954
4909,1954
4910,1954
4911,1954
4912,1954
4913,1954
4914,1954
4915,1954
4916,1954
4917,1959
4918,1954
4919,1954
4920,1954
4921,1954
4922,1954
4923,1954
4925,1952
4926,1953
4927,1953
4928,1953
4929,1953
4930,1953
4931,1953
4932,1953
4933,1953
4934,1994
4935,1994
4936,1994
4937,1994
4938,1994
4939,1994
4940,1955
4941,1994
4942,1994
4943,1994
4944,1994
4945,1994
4946,1953
4947,1994
4948,1994
4949,1994
4950,1951
4951,1951
4952,1951
4953,1951
4954,1954
4955,1954
4956,1954
4957,1954
4958,1954
4959,1954
4960,1954
4961,1954
4963,1954
4964,1954
4965,1953
4966,1993
4967,1993
4968,1993
4969,1993
4970,1993
4971,1993
4972,1993
4973,1993
4974,1993
4975,1993
4976,1993
4977,1993
4978,1993
4979,1993
4980,1993
4981,1993
4982,1993
4995,1994
4983,1993
4984,1993
4985,1994
4996,1994
4986,1994
4987,1994
4988,1994
4989,1994
4990,1994
4991,1994
4992,1994
4993,1994
4994,1994
4997,1994
4998,1992
5000,1992
5001,1992
5002,1992
5003,1992
5004,1992
5005,1992
5006,1992
5007,1992
5008,1992
5009,1992
5010,1992
5011,1992
5012,1992
5013,1992
5014,1992
5015,1992
5016,1992
5017,1992
5018,1993
5030,1990
5019,1993
5020,1993
5045,1991
5021,1993
5022,1993
5023,1993
5024,1993
5025,1993
5027,1993
5028,1993
5029,1993
5031,1990
5032,1991
5033,1991
5034,1991
5035,1991
5036,1990
5037,1990
5038,1991
5039,1991
5040,1991
5041,1991
5042,1991
5043,1991
5044,1991
5046,1991
5047,1991
5048,1991
5049,1991
5050,1991
5051,1991
5052,1991
5053,1991
5054,1991
5055,1991
5071,1990
5056,1991
5057,1991
5058,1991
5060,1991
5061,1991
5062,1990
5063,1990
5064,1990
5065,1990
5066,1990
5067,1990
5068,1990
5069,1990
5070,1990
5072,1990
5073,1990
5074,1990
5075,1990
5076,1990
5077,1990
5078,1990
5079,1990
5080,1990
5081,1990
5082,1990
5083,1957
5084,1956
5085,1991
5086,1991
5087,1991
5088,1991
5089,1991
5090,1991
5091,1991
5092,1990
5093,1990
5094,1949
5095,1952
5096,1989
5097,1944
5098,1989
5099,1989
5100,1989
5101,1989
5102,1989
5103,1989
5104,1989
5105,1989
5106,1989
5107,1989
5108,1989
5109,1989
5110,1989
5111,1989
5112,1989
5113,1989
5114,1989
5115,1989
5116,1989
5117,1989
5118,1989
5119,1953
5120,1989
5121,1989
5122,1990
5123,1990
5124,1990
5125,1990
5126,1988
5127,1988
5128,1988
5129,1988
5130,1958
5131,1987
5132,1987
5133,1988
5134,1988
5135,1988
5136,1988
5137,1988
5138,1988
5139,1988
5140,1987
5141,1988
5142,1988
5143,1988
5144,1989
5145,1989
5146,1989
5147,1989
5148,1989
5149,1989
5150,1952
5151,1989
5152,1989
5153,1989
5154,1989
5155,1947
5156,1939
5157,1941
5158,1987
5159,1987
5160,1978
5161,1987
5162,1971
5163,1973
5164,1926
5165,1988
5168,1987
5166,1988
5167,1987
5169,1987
5170,1988
5171,1988
5172,1988
5173,1988
5174,1988
5175,1988
5176,1988
5177,1988
5178,1932
5179,1987
5180,1987
5181,1987
5182,1987
5183,1987
5184,1987
5185,1987
5186,1987
5187,1987
5188,1987
5189,1988
5190,1986
5191,1986
5192,1987
5193,1986
5194,1986
5195,1986
5196,1986
5197,1987
5198,1986
5199,1986
5200,1986
5229,1985
5201,1986
5202,1986
5203,1986
5204,1986
5205,1987
5206,1987
5207,1987
5209,1987
5210,1987
5211,1987
5212,1987
5213,1987
5214,1987
5215,1987
5216,1987
5217,1987
5218,1987
5219,1987
5221,1983
5222,1985
5223,1985
5224,1985
5225,1985
5226,1985
5227,1985
5228,1985
5230,1937
5231,1985
5232,1985
5233,1985
5234,1985
5235,1985
5236,1985
5237,1985
5238,1924
5239,1924
5240,1985
5241,1985
5242,1956
5243,1985
5244,1985
5245,1986
5246,1986
5247,1986
5248,1986
5249,1986
5250,1986
5251,1986
5252,1926
5253,1987
5254,1983
5255,1984
5256,1983
5257,1983
5258,1983
5259,1983
5260,1983
5261,1984
5262,1984
5263,1984
5264,1984
5265,1984
5266,1984
5267,1984
5268,1984
5269,1984
5270,1950
5271,1984
5272,1984
5273,1984
5274,1984
5275,1984
5276,1984
5277,1984
5278,1985
5279,1985
5280,1985
5281,1985
5282,1985
5283,1985
5284,1985
5285,1985
5286,1982
5287,1959
5290,1982
5291,1982
5292,1982
5293,1982
5294,1982
5295,1982
5296,1982
5297,1982
5298,1982
5299,1982
5300,1982
5301,1982
5302,1982
5303,1982
5304,1982
5305,1979
5307,1979
5308,1982
5309,1982
5310,1983
5311,1983
5312,1983
5313,1983
5314,1983
5315,1983
5316,1983
5317,1984
5318,1959
5319,1965
5320,1981
5321,1981
5322,1981
5323,1982
5324,1979
5325,1979
5326,1934
5327,1981
5328,1979
5329,1978
5330,1978
5331,1979
5332,1981
5333,1981
5334,1981
5335,1981
5336,1982
5337,1981
5338,1982
5339,1982
5340,1982
5341,1982
5342,1982
5343,1982
5344,1982
5345,1982
5346,1982
5347,1982
5348,1982
5349,1982
5350,1956
5351,1956
5352,1956
5353,1955
5354,1955
5355,1955
5356,1955
5357,1955
5358,1956
5359,1956
5360,1933
5361,1980
5362,1981
5363,1981
5364,1981
5365,1958
5366,1958
5367,1959
5368,1959
5369,1959
5370,1959
5371,1958
5372,1960
5373,1960
5374,1960
5375,1960
5376,1959
5377,1959
5378,1959
5379,1959
5380,1959
5381,1955
5382,1979
5383,1979
5384,1984
5385,1984
5386,1984
5387,1984
5388,1979
5389,1980
5390,1980
5391,1980
5392,1980
5393,1956
5394,1957
5395,1957
5396,1956
5397,1961
5398,1960
5399,1958
5400,1961
5401,1965
5402,1980
5403,1955
5404,1955
5405,1955
5406,1956
5407,1955
5408,1956
5409,1956
5410,1956
5411,1955
5412,1956
5413,1956
5414,1977
5415,1974
5416,1973
5417,1978
5418,1979
5419,1978
5420,1929
5421,1979
5422,1979
5423,1978
5424,1979
5425,1979
5427,1979
5428,1979
5429,1979
5430,1980
5431,1980
5432,1979
5433,1979
5434,1979
5435,1979
5436,1979
5437,1980
5438,1980
5439,1979
5440,1979
5441,1980
5442,1990
5443,1980
5444,1980
5445,1980
5446,1946
5447,1974
5448,1974
5449,1974
5450,1974
5451,1974
5452,1974
5453,1974
5454,1974
5455,1974
5456,1975
5457,1975
5458,1975
5459,1975
5460,1975
5461,1975
5462,1974
3673,1995
5463,1975
5464,1974
5465,1975
5466,1975
5467,1975
5468,1970
5469,1976
5470,1976
5471,1976
5472,1977
5473,1977
5474,1977
5475,1976
5476,1977
5477,1977
2035,1935
3537,1984
3549,1960
4472,1957
2389,1952
4205,1947
3080,1967
3742,1944
3756,1930
3943,1935
4109,1936
4107,1936
4088,1936
3957,1936
3856,1937
4864,1939
4468,1945
4686,1956
4551,1934
3946,1935
4003,1935
4096,1935
4100,1935
2890,2001
2371,1951
2967,1978
2601,1969
4553,1934
3484,1961
3451,1962
5426,1950
3138,1929
4328,1925
4924,1952
4562,1935
5288,1923
5289,1923
3767,1945
2821,2004
2780,2005
2781,2005
2782,2005
2783,2005
2784,2005
2788,2005
2789,2005
5759,1952
5812,2006
5813,2006
5814,2006
5815,2006
5816,2006
5821,2006
5820,2006
5823,2006
5822,2006
5824,2006
5819,2006
5825,2006
5828,2006
5832,2006
5833,2006
5834,2006
5835,2006
5836,2006
5837,2006
5839,2006
5840,2006
5841,2006
5842,2006
5843,2006
5844,2006
5845,2006
5846,2006
5848,2006
2785,2005
2786,2005
2787,2005
5681,2005
5687,2005
5847,2006
5851,2006
5849,2006
5856,2006
5859,2006
5860,2006
5861,2006
5862,2006
5858,2006
5857,2006
5875,2007
5876,2007
5879,2007
5878,2007
5874,2007
5882,2007
5883,2007
5884,2007
5885,2007
5887,2007
5888,2007
5890,2007
5886,2007
5889,2007
5894,2007
5895,2007
5896,2007
5897,2007
5898,2007
5900,2007
5901,2007
5902,2007
5903,2007
5904,2007
5905,2007
5906,2007
5907,2007
5908,2007
5909,2007
5910,2007
5911,2007
5915,2007
5917,2007
5918,2007
5920,2007
5922,2007
5923,2007
5927,2007
5928,2007
5929,2007
5931,2007
5932,2007
5933,2007
5934,2007
5935,2007
5936,2007
5937,2007
5939,2007
5930,2007
5949,2008
5950,2008
5952,2008
5953,2008
5963,2008
5964,2008
5967,2008
5968,2008
5966,2008
5971,2008
5970,2008
5947,2008
5951,2008
5946,2008
5954,2008
5955,2008
5924,2007
5916,2007
5919,2007
5969,2008
5899,2007
5976,2008
5975,2008
5977,2008
5974,2008
5979,2008
5980,2008
5983,2008
5981,2008
5982,2008
5984,2008
4537,1958
5989,2008
5991,2008
5993,2008
5995,2008
5997,2008
5998,2008
6011,2009
6012,2009
6013,2009
6014,2009
6015,2009
6017,2009
6018,2009
6019,2009
6020,2009
6021,2009
6022,2009
6023,2009
6026,2009
6027,2009
6028,2009
6029,2009
6030,2009
6024,2009
6036,2009
6037,2009
6038,2009
6039,2009
6040,2009
6041,2009
6042,2009
6043,2009
6079,2009
6080,2009
6082,2009
6083,2009
6084,2009
6085,2009
6086,2009
6087,2009
6088,2009
6090,2009
6089,2009
6097,2010
6098,2010
6100,2010
6101,2010
6103,2010
6104,2010
6105,2010
6106,2010
6099,2010
6123,2010
6124,2010
6125,2010
6126,2010
6127,2010
6128,2010
6129,2010
6130,2010
6133,2010
6134,2010
6136,2010
6138,2010
6139,2010
5990,2008
6140,2010
6141,2010
6142,2010
6147,2010
6146,2010
6135,2010
6151,2010
6152,2010
6153,2011
6156,2011
6157,2011
6158,2011
6159,2011
6161,2011
6162,2011
6168,2011
6169,2011
6170,2011
6171,2011
6172,2011
6173,2011
6174,2011
6176,2011
5850,2006
6189,2011-09-23
6190,2011-10-05
4870,1953
3418,1962
6193,2011-10-15
6194,2011-10-27
6195,2011-10-28
6199,2011-11-07
6200,2011-11-21
6213,2011-12-22
6216,2011-12-28
6222,2012-02-08
6223,2012-02-13
6224,2012-02-17
6227,2012-02-23
6228,2012-02-29
6230,2012-02-29
6232,2012-03-05
6234,2012-03-09
3747,1944
6237,2012-04-18
6238,2012-04-23
6240,2012-05-03
6241,2012-05-16
6243,2012-05-23
6245,2012-05-25
6249,2012-06-25
6250,2012-06-25
6251,2012-06-25
6246,2012-06-12
6389,2012-07-20
6388,2012-07-20
6390,2012-07-20
5921,2007
6392,2012-07-26
2793,2004
5996,2008
6438,2012-09-14
6439,2012-09-14
6440,2012-09-14
6441,2012-09-14
6442,2012-09-21
3424,1962
6462,2012-10-18
6463,2012-10-18
6464,2012-11-14
6467,2012-11-21
6468,2012-12-11
6477,2012-12-19
6479,2013-01-25
6480,2013-01-25
6481,2013-02-15
6482,2013-02-15
6485,2013-02-22
6489,2013-03-25
6488,2013-03-20
6497,2013-05-29
6501,2013-06-21
6502,2013-06-21
6503,2013-06-21
6504,2013-06-21
5948,2008
6508,2013-09-16
6509,2013-09-23
6512,2013-09-27
6515,2013-10-23
6516,2013-10-23
6518,2013-11-08
6519,2013-11-08
6528,2013-12-05
6529,2013-12-11
6530,2013-12-20
6220,2012-01-25
6534,2014-01-06
2524,1967
6535,2014-01-27
6536,2014-02-06
6537,2014-02-06
3427,1962
6591,2014-04-04
6592,2014-04-21
6593,2014-04-21
6596,2014-04-29
6496,2013-05-21
6600,2014-05-22
6601,2014-05-22
6605,2014-06-24
6606,2014-06-24
6527,2013-12-05
6610,2014-06-30
6617,2014-07-30
6618,2014-07-30
6517,2013-10-30
6623,2014-08-27
6624,2014-08-29
6625,2014-10-02
6626,2014-10-16
6627,2014-10-16
6628,2014-10-22
6630,2014-11-06
6514,2013-10-23
6599,2014-05-16
6631,2014-11-10
6629,2014-11-06
5026,1993
6642,2014-12-22
6229,2012-02-29
6647,2015-01-16
6648,2015-01-16
6649,2015-02-13
5059,1991
6650,2015-02-24
6655,2015-03-17
6656,2015-03-20
6533,2014-01-06
6657,2015-04-08
6495,2013-05-21
6659,2015-04-21
6660,2015-04-30
6661,2015-04-30
6662,2015-04-30
6663,2015-05-29
6665,2015-05-29
5880,2007
6670,2015-06-26
6651,2015-02-26
6681,2015-07-17
6658,2015-04-21
6643,2014-12-22
